model,mse
mod1,7697.2932454751135
mod2,7605.163210701858
mod3,7537.943817512481
mod4,4933.592336285495
